Workbook

Sheet Yearly
B1: 2020 | J1: Just change the year in B1 to change all dates on all tab sheets.
L2: Click the montly tab below to see a month
B5: =date(B1,1,1) -> 43831 | J5: =date(B1,2,1) -> 43862 | R5: =date(B1,3,1) -> 43891
B6: S | C6: M | D6: T | E6: W | F6: T | G6: F | H6: S | J6: S | K6: M | L6: T | M6: W | N6: T | O6: F | P6: S | R6: S | S6: M | T6: T | U6: W | V6: T | W6: F | X6: S
B7: =B5-weekday(B5,2) -> 43828 | C7: =B7+1 -> 43829 | D7: =C7+1 -> 43830 | E7: =D7+1 -> 43831 | F7: =E7+1 -> 43832 | G7: =F7+1 -> 43833 | H7: =G7+1 -> 43834 | J7: =J5-weekday(J5,2) -> 43856 | K7: =J7+1 -> 43857 | L7: =K7+1 -> 43858 | M7: =L7+1 -> 43859 | N7: =M7+1 -> 43860 | O7: =N7+1 -> 43861 | P7: =O7+1 -> 43862 | R7: =R5-weekday(R5,2) -> 43884 | S7: =R7+1 -> 43885 | T7: =S7+1 -> 43886 | U7: =T7+1 -> 43887 | V7: =U7+1 -> 43888 | W7: =V7+1 -> 43889 | X7: =W7+1 -> 43890
B8: =H7+1 -> 43835 | C8: =B8+1 -> 43836 | D8: =C8+1 -> 43837 | E8: =D8+1 -> 43838 | F8: =E8+1 -> 43839 | G8: =F8+1 -> 43840 | H8: =G8+1 -> 43841 | J8: =P7+1 -> 43863 | K8: =J8+1 -> 43864 | L8: =K8+1 -> 43865 | M8: =L8+1 -> 43866 | N8: =M8+1 -> 43867 | O8: =N8+1 -> 43868 | P8: =O8+1 -> 43869 | R8: =X7+1 -> 43891 | S8: =R8+1 -> 43892 | T8: =S8+1 -> 43893 | U8: =T8+1 -> 43894 | V8: =U8+1 -> 43895 | W8: =V8+1 -> 43896 | X8: =W8+1 -> 43897
B9: =H8+1 -> 43842 | C9: =B9+1 -> 43843 | D9: =C9+1 -> 43844 | E9: =D9+1 -> 43845 | F9: =E9+1 -> 43846 | G9: =F9+1 -> 43847 | H9: =G9+1 -> 43848 | J9: =P8+1 -> 43870 | K9: =J9+1 -> 43871 | L9: =K9+1 -> 43872 | M9: =L9+1 -> 43873 | N9: =M9+1 -> 43874 | O9: =N9+1 -> 43875 | P9: =O9+1 -> 43876 | R9: =X8+1 -> 43898 | S9: =R9+1 -> 43899 | T9: =S9+1 -> 43900 | U9: =T9+1 -> 43901 | V9: =U9+1 -> 43902 | W9: =V9+1 -> 43903 | X9: =W9+1 -> 43904
B10: =H9+1 -> 43849 | C10: =B10+1 -> 43850 | D10: =C10+1 -> 43851 | E10: =D10+1 -> 43852 | F10: =E10+1 -> 43853 | G10: =F10+1 -> 43854 | H10: =G10+1 -> 43855 | J10: =P9+1 -> 43877 | K10: =J10+1 -> 43878 | L10: =K10+1 -> 43879 | M10: =L10+1 -> 43880 | N10: =M10+1 -> 43881 | O10: =N10+1 -> 43882 | P10: =O10+1 -> 43883 | R10: =X9+1 -> 43905 | S10: =R10+1 -> 43906 | T10: =S10+1 -> 43907 | U10: =T10+1 -> 43908 | V10: =U10+1 -> 43909 | W10: =V10+1 -> 43910 | X10: =W10+1 -> 43911
B11: =H10+1 -> 43856 | C11: =B11+1 -> 43857 | D11: =C11+1 -> 43858 | E11: =D11+1 -> 43859 | F11: =E11+1 -> 43860 | G11: =F11+1 -> 43861 | H11: =G11+1 -> 43862 | J11: =P10+1 -> 43884 | K11: =J11+1 -> 43885 | L11: =K11+1 -> 43886 | M11: =L11+1 -> 43887 | N11: =M11+1 -> 43888 | O11: =N11+1 -> 43889 | P11: =O11+1 -> 43890 | R11: =X10+1 -> 43912 | S11: =R11+1 -> 43913 | T11: =S11+1 -> 43914 | U11: =T11+1 -> 43915 | V11: =U11+1 -> 43916 | W11: =V11+1 -> 43917 | X11: =W11+1 -> 43918
B12: =H11+1 -> 43863 | C12: =B12+1 -> 43864 | D12: =C12+1 -> 43865 | E12: =D12+1 -> 43866 | F12: =E12+1 -> 43867 | G12: =F12+1 -> 43868 | H12: =G12+1 -> 43869 | J12: =P11+1 -> 43891 | K12: =J12+1 -> 43892 | L12: =K12+1 -> 43893 | M12: =L12+1 -> 43894 | N12: =M12+1 -> 43895 | O12: =N12+1 -> 43896 | P12: =O12+1 -> 43897 | R12: =X11+1 -> 43919 | S12: =R12+1 -> 43920 | T12: =S12+1 -> 43921 | U12: =T12+1 -> 43922 | V12: =U12+1 -> 43923 | W12: =V12+1 -> 43924 | X12: =W12+1 -> 43925
B14: =date(B1,4,1) -> 43922 | J14: =date(B1,5,1) -> 43952 | R14: =date(B1,6,1) -> 43983
B15: S | C15: M | D15: T | E15: W | F15: T | G15: F | H15: S | J15: S | K15: M | L15: T | M15: W | N15: T | O15: F | P15: S | R15: S | S15: M | T15: T | U15: W | V15: T | W15: F | X15: S
B16: =B14-weekday(B14,2) -> 43919 | C16: =B16+1 -> 43920 | D16: =C16+1 -> 43921 | E16: =D16+1 -> 43922 | F16: =E16+1 -> 43923 | G16: =F16+1 -> 43924 | H16: =G16+1 -> 43925 | J16: =J14-weekday(J14,2) -> 43947 | K16: =J16+1 -> 43948 | L16: =K16+1 -> 43949 | M16: =L16+1 -> 43950 | N16: =M16+1 -> 43951 | O16: =N16+1 -> 43952 | P16: =O16+1 -> 43953 | R16: =R14-weekday(R14,2) -> 43982 | S16: =R16+1 -> 43983 | T16: =S16+1 -> 43984 | U16: =T16+1 -> 43985 | V16: =U16+1 -> 43986 | W16: =V16+1 -> 43987 | X16: =W16+1 -> 43988
B17: =H16+1 -> 43926 | C17: =B17+1 -> 43927 | D17: =C17+1 -> 43928 | E17: =D17+1 -> 43929 | F17: =E17+1 -> 43930 | G17: =F17+1 -> 43931 | H17: =G17+1 -> 43932 | J17: =P16+1 -> 43954 | K17: =J17+1 -> 43955 | L17: =K17+1 -> 43956 | M17: =L17+1 -> 43957 | N17: =M17+1 -> 43958 | O17: =N17+1 -> 43959 | P17: =O17+1 -> 43960 | R17: =X16+1 -> 43989 | S17: =R17+1 -> 43990 | T17: =S17+1 -> 43991 | U17: =T17+1 -> 43992 | V17: =U17+1 -> 43993 | W17: =V17+1 -> 43994 | X17: =W17+1 -> 43995
B18: =H17+1 -> 43933 | C18: =B18+1 -> 43934 | D18: =C18+1 -> 43935 | E18: =D18+1 -> 43936 | F18: =E18+1 -> 43937 | G18: =F18+1 -> 43938 | H18: =G18+1 -> 43939 | J18: =P17+1 -> 43961 | K18: =J18+1 -> 43962 | L18: =K18+1 -> 43963 | M18: =L18+1 -> 43964 | N18: =M18+1 -> 43965 | O18: =N18+1 -> 43966 | P18: =O18+1 -> 43967 | R18: =X17+1 -> 43996 | S18: =R18+1 -> 43997 | T18: =S18+1 -> 43998 | U18: =T18+1 -> 43999 | V18: =U18+1 -> 44000 | W18: =V18+1 -> 44001 | X18: =W18+1 -> 44002
B19: =H18+1 -> 43940 | C19: =B19+1 -> 43941 | D19: =C19+1 -> 43942 | E19: =D19+1 -> 43943 | F19: =E19+1 -> 43944 | G19: =F19+1 -> 43945 | H19: =G19+1 -> 43946 | J19: =P18+1 -> 43968 | K19: =J19+1 -> 43969 | L19: =K19+1 -> 43970 | M19: =L19+1 -> 43971 | N19: =M19+1 -> 43972 | O19: =N19+1 -> 43973 | P19: =O19+1 -> 43974 | R19: =X18+1 -> 44003 | S19: =R19+1 -> 44004 | T19: =S19+1 -> 44005 | U19: =T19+1 -> 44006 | V19: =U19+1 -> 44007 | W19: =V19+1 -> 44008 | X19: =W19+1 -> 44009
B20: =H19+1 -> 43947 | C20: =B20+1 -> 43948 | D20: =C20+1 -> 43949 | E20: =D20+1 -> 43950 | F20: =E20+1 -> 43951 | G20: =F20+1 -> 43952 | H20: =G20+1 -> 43953 | J20: =P19+1 -> 43975 | K20: =J20+1 -> 43976 | L20: =K20+1 -> 43977 | M20: =L20+1 -> 43978 | N20: =M20+1 -> 43979 | O20: =N20+1 -> 43980 | P20: =O20+1 -> 43981 | R20: =X19+1 -> 44010 | S20: =R20+1 -> 44011 | T20: =S20+1 -> 44012 | U20: =T20+1 -> 44013 | V20: =U20+1 -> 44014 | W20: =V20+1 -> 44015 | X20: =W20+1 -> 44016
B21: =H20+1 -> 43954 | C21: =B21+1 -> 43955 | D21: =C21+1 -> 43956 | E21: =D21+1 -> 43957 | F21: =E21+1 -> 43958 | G21: =F21+1 -> 43959 | H21: =G21+1 -> 43960 | J21: =P20+1 -> 43982 | K21: =J21+1 -> 43983 | L21: =K21+1 -> 43984 | M21: =L21+1 -> 43985 | N21: =M21+1 -> 43986 | O21: =N21+1 -> 43987 | P21: =O21+1 -> 43988 | R21: =X20+1 -> 44017 | S21: =R21+1 -> 44018 | T21: =S21+1 -> 44019 | U21: =T21+1 -> 44020 | V21: =U21+1 -> 44021 | W21: =V21+1 -> 44022 | X21: =W21+1 -> 44023
B23: =date(B1,7,1) -> 44013 | J23: =date(B1,8,1) -> 44044 | R23: =date(B1,9,1) -> 44075
B24: S | C24: M | D24: T | E24: W | F24: T | G24: F | H24: S | J24: S | K24: M | L24: T | M24: W | N24: T | O24: F | P24: S | R24: S | S24: M | T24: T | U24: W | V24: T | W24: F | X24: S
B25: =B23-weekday(B23,2) -> 44010 | C25: =B25+1 -> 44011 | D25: =C25+1 -> 44012 | E25: =D25+1 -> 44013 | F25: =E25+1 -> 44014 | G25: =F25+1 -> 44015 | H25: =G25+1 -> 44016 | J25: =J23-weekday(J23,2) -> 44038 | K25: =J25+1 -> 44039 | L25: =K25+1 -> 44040 | M25: =L25+1 -> 44041 | N25: =M25+1 -> 44042 | O25: =N25+1 -> 44043 | P25: =O25+1 -> 44044 | R25: =R23-weekday(R23,2) -> 44073 | S25: =R25+1 -> 44074 | T25: =S25+1 -> 44075 | U25: =T25+1 -> 44076 | V25: =U25+1 -> 44077 | W25: =V25+1 -> 44078 | X25: =W25+1 -> 44079
B26: =H25+1 -> 44017 | C26: =B26+1 -> 44018 | D26: =C26+1 -> 44019 | E26: =D26+1 -> 44020 | F26: =E26+1 -> 44021 | G26: =F26+1 -> 44022 | H26: =G26+1 -> 44023 | J26: =P25+1 -> 44045 | K26: =J26+1 -> 44046 | L26: =K26+1 -> 44047 | M26: =L26+1 -> 44048 | N26: =M26+1 -> 44049 | O26: =N26+1 -> 44050 | P26: =O26+1 -> 44051 | R26: =X25+1 -> 44080 | S26: =R26+1 -> 44081 | T26: =S26+1 -> 44082 | U26: =T26+1 -> 44083 | V26: =U26+1 -> 44084 | W26: =V26+1 -> 44085 | X26: =W26+1 -> 44086
B27: =H26+1 -> 44024 | C27: =B27+1 -> 44025 | D27: =C27+1 -> 44026 | E27: =D27+1 -> 44027 | F27: =E27+1 -> 44028 | G27: =F27+1 -> 44029 | H27: =G27+1 -> 44030 | J27: =P26+1 -> 44052 | K27: =J27+1 -> 44053 | L27: =K27+1 -> 44054 | M27: =L27+1 -> 44055 | N27: =M27+1 -> 44056 | O27: =N27+1 -> 44057 | P27: =O27+1 -> 44058 | R27: =X26+1 -> 44087 | S27: =R27+1 -> 44088 | T27: =S27+1 -> 44089 | U27: =T27+1 -> 44090 | V27: =U27+1 -> 44091 | W27: =V27+1 -> 44092 | X27: =W27+1 -> 44093
B28: =H27+1 -> 44031 | C28: =B28+1 -> 44032 | D28: =C28+1 -> 44033 | E28: =D28+1 -> 44034 | F28: =E28+1 -> 44035 | G28: =F28+1 -> 44036 | H28: =G28+1 -> 44037 | J28: =P27+1 -> 44059 | K28: =J28+1 -> 44060 | L28: =K28+1 -> 44061 | M28: =L28+1 -> 44062 | N28: =M28+1 -> 44063 | O28: =N28+1 -> 44064 | P28: =O28+1 -> 44065 | R28: =X27+1 -> 44094 | S28: =R28+1 -> 44095 | T28: =S28+1 -> 44096 | U28: =T28+1 -> 44097 | V28: =U28+1 -> 44098 | W28: =V28+1 -> 44099 | X28: =W28+1 -> 44100
B29: =H28+1 -> 44038 | C29: =B29+1 -> 44039 | D29: =C29+1 -> 44040 | E29: =D29+1 -> 44041 | F29: =E29+1 -> 44042 | G29: =F29+1 -> 44043 | H29: =G29+1 -> 44044 | J29: =P28+1 -> 44066 | K29: =J29+1 -> 44067 | L29: =K29+1 -> 44068 | M29: =L29+1 -> 44069 | N29: =M29+1 -> 44070 | O29: =N29+1 -> 44071 | P29: =O29+1 -> 44072 | R29: =X28+1 -> 44101 | S29: =R29+1 -> 44102 | T29: =S29+1 -> 44103 | U29: =T29+1 -> 44104 | V29: =U29+1 -> 44105 | W29: =V29+1 -> 44106 | X29: =W29+1 -> 44107
B30: =H29+1 -> 44045 | C30: =B30+1 -> 44046 | D30: =C30+1 -> 44047 | E30: =D30+1 -> 44048 | F30: =E30+1 -> 44049 | G30: =F30+1 -> 44050 | H30: =G30+1 -> 44051 | J30: =P29+1 -> 44073 | K30: =J30+1 -> 44074 | L30: =K30+1 -> 44075 | M30: =L30+1 -> 44076 | N30: =M30+1 -> 44077 | O30: =N30+1 -> 44078 | P30: =O30+1 -> 44079 | R30: =X29+1 -> 44108 | S30: =R30+1 -> 44109 | T30: =S30+1 -> 44110 | U30: =T30+1 -> 44111 | V30: =U30+1 -> 44112 | W30: =V30+1 -> 44113 | X30: =W30+1 -> 44114
B32: =date(B1,10,1) -> 44105 | J32: =date(B1,11,1) -> 44136 | R32: =date(B1,12,1) -> 44166
B33: S | C33: M | D33: T | E33: W | F33: T | G33: F | H33: S | J33: S | K33: M | L33: T | M33: W | N33: T | O33: F | P33: S | R33: S | S33: M | T33: T | U33: W | V33: T | W33: F | X33: S
B34: =B32-weekday(B32,2) -> 44101 | C34: =B34+1 -> 44102 | D34: =C34+1 -> 44103 | E34: =D34+1 -> 44104 | F34: =E34+1 -> 44105 | G34: =F34+1 -> 44106 | H34: =G34+1 -> 44107 | J34: =J32-weekday(J32,2) -> 44129 | K34: =J34+1 -> 44130 | L34: =K34+1 -> 44131 | M34: =L34+1 -> 44132 | N34: =M34+1 -> 44133 | O34: =N34+1 -> 44134 | P34: =O34+1 -> 44135 | R34: =R32-weekday(R32,2) -> 44164 | S34: =R34+1 -> 44165 | T34: =S34+1 -> 44166 | U34: =T34+1 -> 44167 | V34: =U34+1 -> 44168 | W34: =V34+1 -> 44169 | X34: =W34+1 -> 44170
B35: =H34+1 -> 44108 | C35: =B35+1 -> 44109 | D35: =C35+1 -> 44110 | E35: =D35+1 -> 44111 | F35: =E35+1 -> 44112 | G35: =F35+1 -> 44113 | H35: =G35+1 -> 44114 | J35: =P34+1 -> 44136 | K35: =J35+1 -> 44137 | L35: =K35+1 -> 44138 | M35: =L35+1 -> 44139 | N35: =M35+1 -> 44140 | O35: =N35+1 -> 44141 | P35: =O35+1 -> 44142 | R35: =X34+1 -> 44171 | S35: =R35+1 -> 44172 | T35: =S35+1 -> 44173 | U35: =T35+1 -> 44174 | V35: =U35+1 -> 44175 | W35: =V35+1 -> 44176 | X35: =W35+1 -> 44177
B36: =H35+1 -> 44115 | C36: =B36+1 -> 44116 | D36: =C36+1 -> 44117 | E36: =D36+1 -> 44118 | F36: =E36+1 -> 44119 | G36: =F36+1 -> 44120 | H36: =G36+1 -> 44121 | J36: =P35+1 -> 44143 | K36: =J36+1 -> 44144 | L36: =K36+1 -> 44145 | M36: =L36+1 -> 44146 | N36: =M36+1 -> 44147 | O36: =N36+1 -> 44148 | P36: =O36+1 -> 44149 | R36: =X35+1 -> 44178 | S36: =R36+1 -> 44179 | T36: =S36+1 -> 44180 | U36: =T36+1 -> 44181 | V36: =U36+1 -> 44182 | W36: =V36+1 -> 44183 | X36: =W36+1 -> 44184
B37: =H36+1 -> 44122 | C37: =B37+1 -> 44123 | D37: =C37+1 -> 44124 | E37: =D37+1 -> 44125 | F37: =E37+1 -> 44126 | G37: =F37+1 -> 44127 | H37: =G37+1 -> 44128 | J37: =P36+1 -> 44150 | K37: =J37+1 -> 44151 | L37: =K37+1 -> 44152 | M37: =L37+1 -> 44153 | N37: =M37+1 -> 44154 | O37: =N37+1 -> 44155 | P37: =O37+1 -> 44156 | R37: =X36+1 -> 44185 | S37: =R37+1 -> 44186 | T37: =S37+1 -> 44187 | U37: =T37+1 -> 44188 | V37: =U37+1 -> 44189 | W37: =V37+1 -> 44190 | X37: =W37+1 -> 44191
B38: =H37+1 -> 44129 | C38: =B38+1 -> 44130 | D38: =C38+1 -> 44131 | E38: =D38+1 -> 44132 | F38: =E38+1 -> 44133 | G38: =F38+1 -> 44134 | H38: =G38+1 -> 44135 | J38: =P37+1 -> 44157 | K38: =J38+1 -> 44158 | L38: =K38+1 -> 44159 | M38: =L38+1 -> 44160 | N38: =M38+1 -> 44161 | O38: =N38+1 -> 44162 | P38: =O38+1 -> 44163 | R38: =X37+1 -> 44192 | S38: =R38+1 -> 44193 | T38: =S38+1 -> 44194 | U38: =T38+1 -> 44195 | V38: =U38+1 -> 44196 | W38: =V38+1 -> 44197 | X38: =W38+1 -> 44198
B39: =H38+1 -> 44136 | C39: =B39+1 -> 44137 | D39: =C39+1 -> 44138 | E39: =D39+1 -> 44139 | F39: =E39+1 -> 44140 | G39: =F39+1 -> 44141 | H39: =G39+1 -> 44142 | J39: =P38+1 -> 44164 | K39: =J39+1 -> 44165 | L39: =K39+1 -> 44166 | M39: =L39+1 -> 44167 | N39: =M39+1 -> 44168 | O39: =N39+1 -> 44169 | P39: =O39+1 -> 44170 | R39: =X38+1 -> 44199 | S39: =R39+1 -> 44200 | T39: =S39+1 -> 44201 | U39: =T39+1 -> 44202 | V39: =U39+1 -> 44203 | W39: =V39+1 -> 44204 | X39: =W39+1 -> 44205

Sheet Jan
B1: =date(Yearly!B1,1,1) -> 43831
B3: SUNDAY | C3: MONDAY | D3: TUESDAY | E3: WEDNESDAY | F3: THURSDAY | G3: FRIDAY | H3: SATURDAY
B4: =B1-weekday(B1,2) -> 43828 | C4: =B4+1 -> 43829 | D4: =C4+1 -> 43830 | E4: =D4+1 -> 43831 | F4: =E4+1 -> 43832 | G4: =F4+1 -> 43833 | H4: =G4+1 -> 43834
H5: =HYPERLINK("https://www.google.com/maps/@43.134352,-88.222917,17z","Club Meeting ") -> Club Meeting
B6: =H4+1 -> 43835 | C6: =B6+1 -> 43836 | D6: =C6+1 -> 43837 | E6: =D6+1 -> 43838 | F6: =E6+1 -> 43839 | G6: =F6+1 -> 43840 | H6: =G6+1 -> 43841
B7: Frozen Figner Combat Chicago
B8: =H6+1 -> 43842 | C8: =B8+1 -> 43843 | D8: =C8+1 -> 43844 | E8: =D8+1 -> 43845 | F8: =E8+1 -> 43846 | G8: =F8+1 -> 43847 | H8: =G8+1 -> 43848
F9: EAA Adventure series Ice Pilot Scott Blue
B10: =H8+1 -> 43849 | C10: =B10+1 -> 43850 | D10: =C10+1 -> 43851 | E10: =D10+1 -> 43852 | F10: =E10+1 -> 43853 | G10: =F10+1 -> 43854 | H10: =G10+1 -> 43855
C11: Martin Luther King Jr. Day | H11: South West regionals Phoenix saturday and sunday Swap Meet Denmark Wi
B12: =H10+1 -> 43856 | C12: =B12+1 -> 43857 | D12: =C12+1 -> 43858 | E12: =D12+1 -> 43859 | F12: =E12+1 -> 43860 | G12: =F12+1 -> 43861 | H12: =G12+1 -> 43862
B13: =HYPERLINK("https://www.google.com/maps/@43.3562643,-88.1888078,17z","R/C Auction & Swap Meet Washing County fair grounds ") -> R/C Auction & Swap Meet Washing County fair grounds
B14: =H12+1 -> 43863 | C14: =B14+1 -> 43864 | D14: =C14+1 -> 43865 | E14: =D14+1 -> 43866 | F14: =E14+1 -> 43867 | G14: =F14+1 -> 43868 | H14: =G14+1 -> 43869
B17: NOTES
B18: Club Meeting at Sussex Library
B19: RC Swap meet see Don about sharing a table.

Sheet Feb
B1: =date(Yearly!B1,2,1) -> 43862
B3: SUNDAY | C3: MONDAY | D3: TUESDAY | E3: WEDNESDAY | F3: THURSDAY | G3: FRIDAY | H3: SATURDAY
B4: =B1-weekday(B1,2) -> 43856 | C4: =B4+1 -> 43857 | D4: =C4+1 -> 43858 | E4: =D4+1 -> 43859 | F4: =E4+1 -> 43860 | G4: =F4+1 -> 43861 | H4: =G4+1 -> 43862
H5: =HYPERLINK("https://www.google.com/maps/@43.134352,-88.222917,17z","Club Meeting ") -> Club Meeting
B6: =H4+1 -> 43863 | C6: =B6+1 -> 43864 | D6: =C6+1 -> 43865 | E6: =D6+1 -> 43866 | F6: =E6+1 -> 43867 | G6: =F6+1 -> 43868 | H6: =G6+1 -> 43869
B7: Super Bowl
B8: =H6+1 -> 43870 | C8: =B8+1 -> 43871 | D8: =C8+1 -> 43872 | E8: =D8+1 -> 43873 | F8: =E8+1 -> 43874 | G8: =F8+1 -> 43875 | H8: =G8+1 -> 43876
B10: =H8+1 -> 43877 | C10: =B10+1 -> 43878 | D10: =C10+1 -> 43879 | E10: =D10+1 -> 43880 | F10: =E10+1 -> 43881 | G10: =F10+1 -> 43882 | H10: =G10+1 -> 43883
C11: Presidents' Day | F11: EAA Sean Eliot flies DOC and B29 in combat | G11: EAA Winter Flight fest ski plane fly in | H11: EAA Winter Flight fest ski plane fly in
B12: =H10+1 -> 43884 | C12: =B12+1 -> 43885 | D12: =C12+1 -> 43886 | E12: =D12+1 -> 43887 | F12: =E12+1 -> 43888 | G12: =F12+1 -> 43889 | H12: =G12+1 -> 43890
B13: EAA Winter Flight fest ski plane fly in ISOLATED stunt speed St Louis | E13: Ash Wednesday
B14: =H12+1 -> 43891 | C14: =B14+1 -> 43892 | D14: =C14+1 -> 43893 | E14: =D14+1 -> 43894 | F14: =E14+1 -> 43895 | G14: =F14+1 -> 43896 | H14: =G14+1 -> 43897
B17: NOTES

Sheet Mar
B1: =date(Yearly!B1,3,1) -> 43891
B3: SUNDAY | C3: MONDAY | D3: TUESDAY | E3: WEDNESDAY | F3: THURSDAY | G3: FRIDAY | H3: SATURDAY
B4: =B1-weekday(B1,2) -> 43884 | C4: =B4+1 -> 43885 | D4: =C4+1 -> 43886 | E4: =D4+1 -> 43887 | F4: =E4+1 -> 43888 | G4: =F4+1 -> 43889 | H4: =G4+1 -> 43890
B6: =H4+1 -> 43891 | C6: =B6+1 -> 43892 | D6: =C6+1 -> 43893 | E6: =D6+1 -> 43894 | F6: =E6+1 -> 43895 | G6: =F6+1 -> 43896 | H6: =G6+1 -> 43897
B7: Swap Meet Kaukauna | H7: =HYPERLINK("https://www.google.com/maps/@43.134352,-88.222917,17z","Club Meeting ") -> Club Meeting
B8: =H6+1 -> 43898 | C8: =B8+1 -> 43899 | D8: =C8+1 -> 43900 | E8: =D8+1 -> 43901 | F8: =E8+1 -> 43902 | G8: =F8+1 -> 43903 | H8: =G8+1 -> 43904
B9: Daylight Saving Time starts | D9: VINTAGE STUNT CHAMPIONSHIPS XXXII | E9: VINTAGE STUNT CHAMPIONSHIPS XXXII | F9: VINTAGE STUNT CHAMPIONSHIPS XXXII | G9: VINTAGE STUNT CHAMPIONSHIPS XXXII | H9: VINTAGE STUNT CHAMPIONSHIPS XXXII
B10: =H8+1 -> 43905 | C10: =B10+1 -> 43906 | D10: =C10+1 -> 43907 | E10: =D10+1 -> 43908 | F10: =E10+1 -> 43909 | G10: =F10+1 -> 43910 | H10: =G10+1 -> 43911
D11: St. Patrick's Day | F11: EAA Kim Campbell A-10 Pilot | G11: F2D Top Gun Phoenix | H11: F2D Top Gun Phoenix
B12: =H10+1 -> 43912 | C12: =B12+1 -> 43913 | D12: =C12+1 -> 43914 | E12: =D12+1 -> 43915 | F12: =E12+1 -> 43916 | G12: =F12+1 -> 43917 | H12: =G12+1 -> 43918
B13: F2D Top Gun Phoenix
B14: =H12+1 -> 43919 | C14: =B14+1 -> 43920 | D14: =C14+1 -> 43921 | E14: =D14+1 -> 43922 | F14: =E14+1 -> 43923 | G14: =F14+1 -> 43924 | H14: =G14+1 -> 43925
B17: NOTES

Sheet Apr
B1: =date(Yearly!B1,4,1) -> 43922
B3: SUNDAY | C3: MONDAY | D3: TUESDAY | E3: WEDNESDAY | F3: THURSDAY | G3: FRIDAY | H3: SATURDAY
B4: =B1-weekday(B1,2) -> 43919 | C4: =B4+1 -> 43920 | D4: =C4+1 -> 43921 | E4: =D4+1 -> 43922 | F4: =E4+1 -> 43923 | G4: =F4+1 -> 43924 | H4: =G4+1 -> 43925
G5: =HYPERLINK("https://www.toledoshow.com/","Toledo RC show") -> Toledo RC show | H5: Club Meeting Toledo RC Gold Country Combat Ca. Allan Perret Memorial LA
B6: =H4+1 -> 43926 | C6: =B6+1 -> 43927 | D6: =C6+1 -> 43928 | E6: =D6+1 -> 43929 | F6: =E6+1 -> 43930 | G6: =F6+1 -> 43931 | H6: =G6+1 -> 43932
B7: Toledo RC Gold Country Combat Ca. Allan Perret Memorial LA
B8: =H6+1 -> 43933 | C8: =B8+1 -> 43934 | D8: =C8+1 -> 43935 | E8: =D8+1 -> 43936 | F8: =E8+1 -> 43937 | G8: =F8+1 -> 43938 | H8: =G8+1 -> 43939
B9: Easter Sunday | F9: EAA Larry Mauro Solar Riser
B10: =H8+1 -> 43940 | C10: =B10+1 -> 43941 | D10: =C10+1 -> 43942 | E10: =D10+1 -> 43943 | F10: =E10+1 -> 43944 | G10: =F10+1 -> 43945 | H10: =G10+1 -> 43946
B12: =H10+1 -> 43947 | C12: =B12+1 -> 43948 | D12: =C12+1 -> 43949 | E12: =D12+1 -> 43950 | F12: =E12+1 -> 43951 | G12: =F12+1 -> 43952 | H12: =G12+1 -> 43953
B14: =H12+1 -> 43954 | C14: =B14+1 -> 43955 | D14: =C14+1 -> 43956 | E14: =D14+1 -> 43957 | F14: =E14+1 -> 43958 | G14: =F14+1 -> 43959 | H14: =G14+1 -> 43960
B17: NOTES
B18: =HYPERLINK("https://www.toledoshow.com/","Toledo RC show") -> Toledo RC show
B19: =HYPERLINK("https://www.google.com/maps/@43.134352,-88.222917,17z","Club Meeting") -> Club Meeting

Sheet May
B1: =date(Yearly!B1,5,1) -> 43952
B3: SUNDAY | C3: MONDAY | D3: TUESDAY | E3: WEDNESDAY | F3: THURSDAY | G3: FRIDAY | H3: SATURDAY
B4: =B1-weekday(B1,2) -> 43947 | C4: =B4+1 -> 43948 | D4: =C4+1 -> 43949 | E4: =D4+1 -> 43950 | F4: =E4+1 -> 43951 | G4: =F4+1 -> 43952 | H4: =G4+1 -> 43953
H5: club meeting Eldorado, Arkansas
B6: =H4+1 -> 43954 | C6: =B6+1 -> 43955 | D6: =C6+1 -> 43956 | E6: =D6+1 -> 43957 | F6: =E6+1 -> 43958 | G6: =F6+1 -> 43959 | H6: =G6+1 -> 43960
B7: Eldorado, Arkansas | G7: Joe Nall Victory in Europe Day | H7: Joe Nall
B8: =H6+1 -> 43961 | C8: =B8+1 -> 43962 | D8: =C8+1 -> 43963 | E8: =D8+1 -> 43964 | F8: =E8+1 -> 43965 | G8: =F8+1 -> 43966 | H8: =G8+1 -> 43967
B9: Joe Nall | C9: Joe Nall | D9: Joe Nall | E9: Joe Nall | F9: Joe Nall | G9: Joe Nall | H9: Joe Nall Speed St Louis
B10: =H8+1 -> 43968 | C10: =B10+1 -> 43969 | D10: =C10+1 -> 43970 | E10: =D10+1 -> 43971 | F10: =E10+1 -> 43972 | G10: =F10+1 -> 43973 | H10: =G10+1 -> 43974
F11: EAA goodyear Blimp | G11: Northwest Control-Line Regionals | H11: Northwest Control-Line Regionals
B12: =H10+1 -> 43975 | C12: =B12+1 -> 43976 | D12: =C12+1 -> 43977 | E12: =D12+1 -> 43978 | F12: =E12+1 -> 43979 | G12: =F12+1 -> 43980 | H12: =G12+1 -> 43981
B13: Northwest Control-Line Regionals | C13: Memorial Day fay
B14: =H12+1 -> 43982 | C14: =B14+1 -> 43983 | D14: =C14+1 -> 43984 | E14: =D14+1 -> 43985 | F14: =E14+1 -> 43986 | G14: =F14+1 -> 43987 | H14: =G14+1 -> 43988
B17: NOTES
B18: this is a test

Sheet Jun
B1: =date(Yearly!B1,6,1) -> 43983
B3: SUNDAY | C3: MONDAY | D3: TUESDAY | E3: WEDNESDAY | F3: THURSDAY | G3: FRIDAY | H3: SATURDAY
B4: =B1-weekday(B1,2) -> 43982 | C4: =B4+1 -> 43983 | D4: =C4+1 -> 43984 | E4: =D4+1 -> 43985 | F4: =E4+1 -> 43986 | G4: =F4+1 -> 43987 | H4: =G4+1 -> 43988
H5: =HYPERLINK("https://www.google.com/maps/@43.1297661,-88.234172,17z","Club Meeting at the field ") -> Club Meeting at the field
B6: =H4+1 -> 43989 | C6: =B6+1 -> 43990 | D6: =C6+1 -> 43991 | E6: =D6+1 -> 43992 | F6: =E6+1 -> 43993 | G6: =F6+1 -> 43994 | H6: =G6+1 -> 43995
B7: Circle Masters June Fun-Fly | H7: KC F2D 8th Annual Tournament
B8: =H6+1 -> 43996 | C8: =B8+1 -> 43997 | D8: =C8+1 -> 43998 | E8: =D8+1 -> 43999 | F8: =E8+1 -> 44000 | G8: =F8+1 -> 44001 | H8: =G8+1 -> 44002
C9: Brodak 2020 | D9: Brodak 2020 | E9: Brodak 2020 EAA west bend chris henery | F9: EAA F4 over Vietnam Brodak 2020 | G9: Brodak 2020 sig fun fly | H9: Brodak 2020 sig fun fly
B10: =H8+1 -> 44003 | C10: =B10+1 -> 44004 | D10: =C10+1 -> 44005 | E10: =D10+1 -> 44006 | F10: =E10+1 -> 44007 | G10: =F10+1 -> 44008 | H10: =G10+1 -> 44009
B11: Father's Day | H11: =HYPERLINK("https://www.modelaircraft.org/events/spirit-st-louis-buder-park-cl-fun-fly","CL Fun Fly at Buder Park - St Louis MO - June 27, 2020 https://lafayetteesquadrillecl.wordpress.com/lafayette-esquadrille-cl/control-line-contest-st-louis/60th-anniversary-buder-park-cl-fun-fly-june-27-2020/") -> CL Fun Fly at Buder Park - St Louis MO - June 27, 2020 https://lafayetteesquadrillecl.wordpress.com/lafayette-esquadrille-cl/control-line-contest-st-louis/60th-anniversary-buder-park-cl-fun-fly-june-27-2020/
B12: =H10+1 -> 44010 | C12: =B12+1 -> 44011 | D12: =C12+1 -> 44012 | E12: =D12+1 -> 44013 | F12: =E12+1 -> 44014 | G12: =F12+1 -> 44015 | H12: =G12+1 -> 44016
B14: =H12+1 -> 44017 | C14: =B14+1 -> 44018 | D14: =C14+1 -> 44019 | E14: =D14+1 -> 44020 | F14: =E14+1 -> 44021 | G14: =F14+1 -> 44022 | H14: =G14+1 -> 44023
B17: NOTES

Sheet Jul
B1: =date(Yearly!B1,7,1) -> 44013
B3: SUNDAY | C3: MONDAY | D3: TUESDAY | E3: WEDNESDAY | F3: THURSDAY | G3: FRIDAY | H3: SATURDAY
B4: =B1-weekday(B1,2) -> 44010 | C4: =B4+1 -> 44011 | D4: =C4+1 -> 44012 | E4: =D4+1 -> 44013 | F4: =E4+1 -> 44014 | G4: =F4+1 -> 44015 | H4: =G4+1 -> 44016
G5: independence Day
B6: =H4+1 -> 44017 | C6: =B6+1 -> 44018 | D6: =C6+1 -> 44019 | E6: =D6+1 -> 44020 | F6: =E6+1 -> 44021 | G6: =F6+1 -> 44022 | H6: =G6+1 -> 44023
H7: Club Meeting
B8: =H6+1 -> 44024 | C8: =B8+1 -> 44025 | D8: =C8+1 -> 44026 | E8: =D8+1 -> 44027 | F8: =E8+1 -> 44028 | G8: =F8+1 -> 44029 | H8: =G8+1 -> 44030
B9: Control Line nats | C9: Control Line nats Scale Flyig Electrons | D9: Control Line nats | E9: Control Line nats | F9: Control Line nats | G9: Control Line nats | H9: Control Line nats Club meeting a teh field
B10: =H8+1 -> 44031 | C10: =B10+1 -> 44032 | D10: =C10+1 -> 44033 | E10: =D10+1 -> 44034 | F10: =E10+1 -> 44035 | G10: =F10+1 -> 44036 | H10: =G10+1 -> 44037
B12: =H10+1 -> 44038 | C12: =B12+1 -> 44039 | D12: =C12+1 -> 44040 | E12: =D12+1 -> 44041 | F12: =E12+1 -> 44042 | G12: =F12+1 -> 44043 | H12: =G12+1 -> 44044
B14: =H12+1 -> 44045 | C14: =B14+1 -> 44046 | D14: =C14+1 -> 44047 | E14: =D14+1 -> 44048 | F14: =E14+1 -> 44049 | G14: =F14+1 -> 44050 | H14: =G14+1 -> 44051
B17: NOTES
B18: =HYPERLINK("https://www.google.com/maps/@43.1297661,-88.234172,17z","Club Meeting Locatiom") -> Club Meeting Locatiom

Sheet Aug
B1: =date(Yearly!B1,8,1) -> 44044
B3: SUNDAY | D3: MONDAY | E3: TUESDAY | F3: WEDNESDAY | G3: THURSDAY | H3: FRIDAY | I3: SATURDAY
B4: =B1-weekday(B1,2) -> 44038 | D4: =B4+1 -> 44039 | E4: =D4+1 -> 44040 | F4: =E4+1 -> 44041 | G4: =F4+1 -> 44042 | H4: =G4+1 -> 44043 | I4: =H4+1 -> 44044
I5: =HYPERLINK("https://www.google.com/maps/@43.1297661,-88.234172,17z","Club Meeting at the field ") -> Club Meeting at the field
B6: =I4+1 -> 44045 | D6: =B6+1 -> 44046 | E6: =D6+1 -> 44047 | F6: =E6+1 -> 44048 | G6: =F6+1 -> 44049 | H6: =G6+1 -> 44050 | I6: =H6+1 -> 44051
B7: =HYPERLINK("https://www.google.com/maps/@42.8736652,-88.3502238,17z","Wisconsin stunt and scale championship ") -> Wisconsin stunt and scale championship
B8: =I6+1 -> 44052 | D8: =B8+1 -> 44053 | E8: =D8+1 -> 44054 | F8: =E8+1 -> 44055 | G8: =F8+1 -> 44056 | H8: =G8+1 -> 44057 | I8: =H8+1 -> 44058
B10: =I8+1 -> 44059 | D10: =B10+1 -> 44060 | E10: =D10+1 -> 44061 | F10: =E10+1 -> 44062 | G10: =F10+1 -> 44063 | H10: =G10+1 -> 44064 | I10: =H10+1 -> 44065
G11: EAA Christina Hopper F16 pilot | I11: FCM muncie
B12: =I10+1 -> 44066 | D12: =B12+1 -> 44067 | E12: =D12+1 -> 44068 | F12: =E12+1 -> 44069 | G12: =F12+1 -> 44070 | H12: =G12+1 -> 44071 | I12: =H12+1 -> 44072
B13: FCM muncie | I13: Steam Tractor Show
B14: =I12+1 -> 44073 | D14: =B14+1 -> 44074 | E14: =D14+1 -> 44075 | F14: =E14+1 -> 44076 | G14: =F14+1 -> 44077 | H14: =G14+1 -> 44078 | I14: =H14+1 -> 44079
B15: Steam Tractor Show
B17: NOTES

Sheet Sep
B1: =date(Yearly!B1,9,1) -> 44075
B3: SUNDAY | C3: MONDAY | D3: TUESDAY | E3: WEDNESDAY | F3: THURSDAY | G3: FRIDAY | H3: SATURDAY
B4: =B1-weekday(B1,2) -> 44073 | C4: =B4+1 -> 44074 | D4: =C4+1 -> 44075 | E4: =D4+1 -> 44076 | F4: =E4+1 -> 44077 | G4: =F4+1 -> 44078 | H4: =G4+1 -> 44079
H5: Club Meeting
B6: =H4+1 -> 44080 | C6: =B6+1 -> 44081 | D6: =C6+1 -> 44082 | E6: =D6+1 -> 44083 | F6: =E6+1 -> 44084 | G6: =F6+1 -> 44085 | H6: =G6+1 -> 44086
B7: Midwest champs tree town | C7: Labor Day | G7: EAA TBD
B8: =H6+1 -> 44087 | C8: =B8+1 -> 44088 | D8: =C8+1 -> 44089 | E8: =D8+1 -> 44090 | F8: =E8+1 -> 44091 | G8: =F8+1 -> 44092 | H8: =G8+1 -> 44093
F9: EAA Sharon “Betty” Preszler and Kate “Jiga” Lowe Discuss Life in the United States Air Force | H9: RC flying circus Beliot Broken Arrow Stunt scal St Louis
B10: =H8+1 -> 44094 | C10: =B10+1 -> 44095 | D10: =C10+1 -> 44096 | E10: =D10+1 -> 44097 | F10: =E10+1 -> 44098 | G10: =F10+1 -> 44099 | H10: =G10+1 -> 44100
B11: Broken Arrow Stunt Scale | D11: September Equinox | F11: Speed World Cup St Louis | G11: Speed World Cup St Louis | H11: Speed Can MA cup St Louis
B12: =H10+1 -> 44101 | C12: =B12+1 -> 44102 | D12: =C12+1 -> 44103 | E12: =D12+1 -> 44104 | F12: =E12+1 -> 44105 | G12: =F12+1 -> 44106 | H12: =G12+1 -> 44107
B13: Speed Can MA cup St Louis
B14: =H12+1 -> 44108 | C14: =B14+1 -> 44109 | D14: =C14+1 -> 44110 | E14: =D14+1 -> 44111 | F14: =E14+1 -> 44112 | G14: =F14+1 -> 44113 | H14: =G14+1 -> 44114
B17: NOTES

Sheet Oct
B1: =date(Yearly!B1,10,1) -> 44105
B3: SUNDAY | C3: MONDAY | D3: TUESDAY | E3: WEDNESDAY | F3: THURSDAY | G3: FRIDAY | H3: SATURDAY
B4: =B1-weekday(B1,2) -> 44101 | C4: =B4+1 -> 44102 | D4: =C4+1 -> 44103 | E4: =D4+1 -> 44104 | F4: =E4+1 -> 44105 | G4: =F4+1 -> 44106 | H4: =G4+1 -> 44107
G5: World War I Dawn Patrol Rendezvous Oct. 2-3 Public · Hosted by National Museum of the U.S. Air Force | H5: =HYPERLINK("https://www.google.com/maps/@43.1297661,-88.234172,17z","Club Meeting at the field ") -> Club Meeting at the field
B6: =H4+1 -> 44108 | C6: =B6+1 -> 44109 | D6: =C6+1 -> 44110 | E6: =D6+1 -> 44111 | F6: =E6+1 -> 44112 | G6: =F6+1 -> 44113 | H6: =G6+1 -> 44114
B8: =H6+1 -> 44115 | C8: =B8+1 -> 44116 | D8: =C8+1 -> 44117 | E8: =D8+1 -> 44118 | F8: =E8+1 -> 44119 | G8: =F8+1 -> 44120 | H8: =G8+1 -> 44121
F9: EAA Melissa May DFC
B10: =H8+1 -> 44122 | C10: =B10+1 -> 44123 | D10: =C10+1 -> 44124 | E10: =D10+1 -> 44125 | F10: =E10+1 -> 44126 | G10: =F10+1 -> 44127 | H10: =G10+1 -> 44128
B12: =H10+1 -> 44129 | C12: =B12+1 -> 44130 | D12: =C12+1 -> 44131 | E12: =D12+1 -> 44132 | F12: =E12+1 -> 44133 | G12: =F12+1 -> 44134 | H12: =G12+1 -> 44135
C13: Dave tunrs 60
B14: =H12+1 -> 44136 | C14: =B14+1 -> 44137 | D14: =C14+1 -> 44138 | E14: =D14+1 -> 44139 | F14: =E14+1 -> 44140 | G14: =F14+1 -> 44141 | H14: =G14+1 -> 44142
B17: NOTES

Sheet Nov
B1: =date(Yearly!B1,11,1) -> 44136
B3: SUNDAY | C3: MONDAY | D3: TUESDAY | E3: WEDNESDAY | F3: THURSDAY | G3: FRIDAY | H3: SATURDAY
B4: =B1-weekday(B1,2) -> 44129 | C4: =B4+1 -> 44130 | D4: =C4+1 -> 44131 | E4: =D4+1 -> 44132 | F4: =E4+1 -> 44133 | G4: =F4+1 -> 44134 | H4: =G4+1 -> 44135
B6: =H4+1 -> 44136 | C6: =B6+1 -> 44137 | D6: =C6+1 -> 44138 | E6: =D6+1 -> 44139 | F6: =E6+1 -> 44140 | G6: =F6+1 -> 44141 | H6: =G6+1 -> 44142
B7: Daylight Saving Time ends | G7: Las Vegus Stunt | H7: Club Meeting Las Vegus Stunt
B8: =H6+1 -> 44143 | C8: =B8+1 -> 44144 | D8: =C8+1 -> 44145 | E8: =D8+1 -> 44146 | F8: =E8+1 -> 44147 | G8: =F8+1 -> 44148 | H8: =G8+1 -> 44149
B9: Las Vegus Stunt
B10: =H8+1 -> 44150 | C10: =B10+1 -> 44151 | D10: =C10+1 -> 44152 | E10: =D10+1 -> 44153 | F10: =E10+1 -> 44154 | G10: =F10+1 -> 44155 | H10: =G10+1 -> 44156
F11: EAA Miss America Race team
B12: =H10+1 -> 44157 | C12: =B12+1 -> 44158 | D12: =C12+1 -> 44159 | E12: =D12+1 -> 44160 | F12: =E12+1 -> 44161 | G12: =F12+1 -> 44162 | H12: =G12+1 -> 44163
B13: Turkey Shoot St Louis
B14: =H12+1 -> 44164 | C14: =B14+1 -> 44165 | D14: =C14+1 -> 44166 | E14: =D14+1 -> 44167 | F14: =E14+1 -> 44168 | G14: =F14+1 -> 44169 | H14: =G14+1 -> 44170
B17: NOTES

Sheet Dec
B1: =date(Yearly!B1,12,1) -> 44166
B3: SUNDAY | C3: MONDAY | D3: TUESDAY | E3: WEDNESDAY | F3: THURSDAY | G3: FRIDAY | H3: SATURDAY
B4: =B1-weekday(B1,2) -> 44164 | C4: =B4+1 -> 44165 | D4: =C4+1 -> 44166 | E4: =D4+1 -> 44167 | F4: =E4+1 -> 44168 | G4: =F4+1 -> 44169 | H4: =G4+1 -> 44170
H5: Club Meeting
B6: =H4+1 -> 44171 | C6: =B6+1 -> 44172 | D6: =C6+1 -> 44173 | E6: =D6+1 -> 44174 | F6: =E6+1 -> 44175 | G6: =F6+1 -> 44176 | H6: =G6+1 -> 44177
B8: =H6+1 -> 44178 | C8: =B8+1 -> 44179 | D8: =C8+1 -> 44180 | E8: =D8+1 -> 44181 | F8: =E8+1 -> 44182 | G8: =F8+1 -> 44183 | H8: =G8+1 -> 44184
B10: =H8+1 -> 44185 | C10: =B10+1 -> 44186 | D10: =C10+1 -> 44187 | E10: =D10+1 -> 44188 | F10: =E10+1 -> 44189 | G10: =F10+1 -> 44190 | H10: =G10+1 -> 44191
C11: December Solstice
B12: =H10+1 -> 44192 | C12: =B12+1 -> 44193 | D12: =C12+1 -> 44194 | E12: =D12+1 -> 44195 | F12: =E12+1 -> 44196 | G12: =F12+1 -> 44197 | H12: =G12+1 -> 44198
B14: =H12+1 -> 44199 | C14: =B14+1 -> 44200 | D14: =C14+1 -> 44201 | E14: =D14+1 -> 44202 | F14: =E14+1 -> 44203 | G14: =F14+1 -> 44204 | H14: =G14+1 -> 44205
B17: NOTES
